{"mdsDat": {"x": [0.11272827826677186, -0.3185190855117477, 0.24758493003458024, -0.13135677670388352, 0.20822057169287464, -0.18330638466797705, 0.11703758254413052, 0.27541931195129316, -0.14660367724377873, -0.09490059255356151, -0.12695579482849192, 0.0406516370197893], "y": [-0.39784010664576075, 0.00017575613565235234, -0.06354669569374802, 0.17729790704643886, 0.26337382674402127, -0.03806282604743978, 0.18971056103569114, -0.027659625516264365, 0.15914797461197014, -0.06164777295819248, -0.1979279379780409, -0.0030210607343277183], "topics": [1, 2, 3, 4, 5, 6, 7, 8, 9, 10, 11, 12], "cluster": [1, 1, 1, 1, 1, 1, 1, 1, 1, 1, 1, 1], "Freq": [20.71601676940918, 13.199782371520996, 13.171988487243652, 9.929741859436035, 8.487905502319336, 8.323447227478027, 8.233838081359863, 5.765357494354248, 4.444935321807861, 3.539825201034546, 3.280273914337158, 0.9068904519081116]}, "tinfo": {"Category": ["Default", "Default", "Default", "Default", "Default", "Default", "Default", "Topic1", "Topic1", "Topic1", "Topic1", "Topic1", "Topic1", "Topic1", "Topic2", "Topic2", "Topic2", "Topic2", "Topic2", "Topic2", "Topic2", "Topic3", "Topic3", "Topic3", "Topic3", "Topic3", "Topic3", "Topic3", "Topic4", "Topic4", "Topic4", "Topic4", "Topic4", "Topic4", "Topic4", "Topic5", "Topic5", "Topic5", "Topic5", "Topic5", "Topic5", "Topic5", "Topic6", "Topic6", "Topic6", "Topic6", "Topic6", "Topic6", "Topic6", "Topic7", "Topic7", "Topic7", "Topic7", "Topic7", "Topic7", "Topic7", "Topic8", "Topic8", "Topic8", "Topic8", "Topic8", "Topic8", "Topic8", "Topic9", "Topic9", "Topic9", "Topic9", "Topic9", "Topic9", "Topic9", "Topic10", "Topic10", "Topic10", "Topic10", "Topic10", "Topic10", "Topic10", "Topic11", "Topic11", "Topic11", "Topic11", "Topic11", "Topic11", "Topic11", "Topic12", "Topic12", "Topic12", "Topic12", "Topic12", "Topic12", "Topic12"], "Freq": [63.0, 46.0, 43.0, 43.0, 26.0, 38.0, 30.0, 49.23432159423828, 11.051168441772461, 0.08159925043582916, 0.0860319659113884, 0.08160071074962616, 0.08159992843866348, 0.08160139620304108, 38.18001937866211, 0.08255453407764435, 0.08255667984485626, 0.08255746215581894, 0.0825556144118309, 0.0825573205947876, 0.08255715668201447, 24.3150577545166, 11.088705062866211, 1.1020431518554688, 1.8538174629211426, 0.07786421477794647, 0.07856833934783936, 0.07786309719085693, 23.09156036376953, 5.536856174468994, 0.09090383350849152, 0.09868321567773819, 0.0909046083688736, 0.09090441465377808, 0.09432639181613922, 20.47649383544922, 3.9904706478118896, 0.07579624652862549, 0.09789071977138519, 0.07731939852237701, 0.07579641044139862, 0.075795978307724, 21.37523651123047, 2.6058332920074463, 0.07994195073843002, 0.08091934770345688, 0.08203695714473724, 0.07994335889816284, 0.08378713577985764, 18.280519485473633, 2.79744291305542, 2.4064745903015137, 0.41876155138015747, 0.07320713251829147, 0.07320673763751984, 0.07553170621395111, 6.876674652099609, 4.931824207305908, 2.9766640663146973, 1.8709498643875122, 0.07951332628726959, 0.07843557745218277, 0.07843489199876785, 4.480546474456787, 4.417763710021973, 3.806732177734375, 0.0793716236948967, 0.07937168329954147, 0.07993530482053757, 0.07993892580270767, 5.406846523284912, 2.036860942840576, 1.6688435077667236, 0.9763957858085632, 0.09463713318109512, 0.09404987841844559, 0.09405415505170822, 5.547396659851074, 1.744509220123291, 1.3932626247406006, 0.43721723556518555, 0.31012871861457825, 0.08933684229850769, 0.08935005962848663, 0.35322079062461853, 0.3504699170589447, 0.44025808572769165, 0.4205847978591919, 0.3441300094127655, 0.33742013573646545, 0.41110488772392273], "Term": ["player", "would", "game", "like", "building", "think", "people", "player", "game", "building", "people", "think", "like", "would", "would", "building", "people", "think", "like", "game", "player", "game", "like", "people", "player", "building", "think", "would", "people", "think", "building", "would", "like", "game", "player", "like", "people", "building", "would", "think", "game", "player", "think", "player", "building", "people", "game", "like", "would", "building", "think", "like", "people", "game", "would", "player", "building", "like", "player", "game", "people", "think", "would", "think", "would", "like", "building", "people", "game", "player", "game", "think", "would", "people", "building", "like", "player", "player", "would", "think", "people", "game", "building", "like", "building", "people", "like", "game", "think", "would", "player"], "Total": [63.0, 46.0, 43.0, 43.0, 26.0, 38.0, 30.0, 63.13134765625, 43.85917282104492, 26.262420654296875, 30.775314331054688, 38.36281967163086, 43.66889190673828, 46.94001770019531, 46.94001770019531, 26.262420654296875, 30.775314331054688, 38.36281967163086, 43.66889190673828, 43.85917282104492, 63.13134765625, 43.85917282104492, 43.66889190673828, 30.775314331054688, 63.13134765625, 26.262420654296875, 38.36281967163086, 46.94001770019531, 30.775314331054688, 38.36281967163086, 26.262420654296875, 46.94001770019531, 43.66889190673828, 43.85917282104492, 63.13134765625, 43.66889190673828, 30.775314331054688, 26.262420654296875, 46.94001770019531, 38.36281967163086, 43.85917282104492, 63.13134765625, 38.36281967163086, 63.13134765625, 26.262420654296875, 30.775314331054688, 43.85917282104492, 43.66889190673828, 46.94001770019531, 26.262420654296875, 38.36281967163086, 43.66889190673828, 30.775314331054688, 43.85917282104492, 46.94001770019531, 63.13134765625, 26.262420654296875, 43.66889190673828, 63.13134765625, 43.85917282104492, 30.775314331054688, 38.36281967163086, 46.94001770019531, 38.36281967163086, 46.94001770019531, 43.66889190673828, 26.262420654296875, 30.775314331054688, 43.85917282104492, 63.13134765625, 43.85917282104492, 38.36281967163086, 46.94001770019531, 30.775314331054688, 26.262420654296875, 43.66889190673828, 63.13134765625, 63.13134765625, 46.94001770019531, 38.36281967163086, 30.775314331054688, 43.85917282104492, 26.262420654296875, 43.66889190673828, 26.262420654296875, 30.775314331054688, 43.66889190673828, 43.85917282104492, 38.36281967163086, 46.94001770019531, 63.13134765625], "loglift": [7.0, 6.0, 5.0, 4.0, 3.0, 2.0, 1.0, 1.325600028038025, 0.19580000638961792, -4.19980001449585, -4.305500030517578, -4.578700065612793, -4.7083001136779785, -4.7804999351501465, 1.8184000253677368, -3.737499952316284, -3.8959999084472656, -4.116399765014648, -4.2459001541137695, -4.25029993057251, -4.614500045776367, 1.4371999502182007, 0.6564000248908997, -1.3025000095367432, -1.5009000301361084, -3.793800115585327, -4.16379976272583, -4.374599933624268, 2.02239990234375, 0.37400001287460327, -3.3564999103546143, -3.85509991645813, -3.8649001121520996, -3.86929988861084, -4.196599960327148, 1.7092000246047974, 0.4237000048160553, -3.3812999725341797, -3.706199884414673, -3.7404000759124756, -3.894200086593628, -4.258399963378906, 1.9012000560760498, -0.7013999819755554, -3.308500051498413, -3.454900026321411, -3.7955000400543213, -3.816999912261963, -3.8422999382019043, 2.1345999240875244, -0.12150000035762787, -0.4016000032424927, -1.8001999855041504, -3.8984999656677246, -3.966399908065796, -4.231500148773193, 1.5132999420166016, 0.6723999977111816, -0.20110000669956207, -0.3012000024318695, -3.1052000522613525, -3.3392999172210693, -3.541100025177002, 0.9660999774932861, 0.7501999735832214, 0.6735000014305115, -2.6882998943328857, -2.84689998626709, -3.1940999031066895, -3.558300018310547, 1.2477999925613403, 0.40540000796318054, 0.004399999976158142, -0.10949999839067459, -2.2848000526428223, -2.799499988555908, -3.1679999828338623, 0.9854000210762024, 0.12479999661445618, 0.10180000215768814, -0.8367999792098999, -1.534500002861023, -2.266200065612793, -2.774600028991699, 0.39410001039505005, 0.22769999504089355, 0.10589999705553055, 0.055799998342990875, -0.010900000110268593, -0.23240000009536743, -0.3312000036239624],