{"mdsDat": {"x": [-0.036555504115862836, -0.08776613262102599, -0.18249336215900283, 0.18353733834445535, 0.07856929883682613, 0.14086105813220884, 0.1737798471647079, -0.05200964180499016, -0.2838919970405534, -0.1288900611413615, 0.214345898792671, -0.01948674238807288], "y": [-0.14154636395084583, -0.03575457097691577, 0.0438498490610045, 0.006595826725273221, 0.3979457540244591, -0.22601575241720406, -0.10842089237761367, -0.005683770644597369, 0.00644374284926843, -0.0012567957810436486, 0.08769978055032872, -0.023856807062114023], "topics": [1, 2, 3, 4, 5, 6, 7, 8, 9, 10, 11, 12], "cluster": [1, 1, 1, 1, 1, 1, 1, 1, 1, 1, 1, 1], "Freq": [28.595691680908203, 17.581369400024414, 11.0175199508667, 9.837175369262695, 6.336966037750244, 5.829495429992676, 5.367044925689697, 5.081358432769775, 3.9801623821258545, 3.6891608238220215, 2.306758165359497, 0.3772978186607361]}, "tinfo": {"Category": ["Default", "Default", "Default", "Default", "Default", "Default", "Default", "Default", "Default", "Default", "Default", "Default", "Topic1", "Topic1", "Topic1", "Topic1", "Topic1", "Topic1", "Topic1", "Topic1", "Topic1", "Topic1", "Topic1", "Topic1", "Topic2", "Topic2", "Topic2", "Topic2", "Topic2", "Topic2", "Topic2", "Topic2", "Topic2", "Topic2", "Topic2", "Topic2", "Topic3", "Topic3", "Topic3", "Topic3", "Topic3", "Topic3", "Topic3", "Topic3", "Topic3", "Topic3", "Topic3", "Topic3", "Topic4", "Topic4", "Topic4", "Topic4", "Topic4", "Topic4", "Topic4", "Topic4", "Topic4", "Topic4", "Topic4", "Topic4", "Topic5", "Topic5", "Topic5", "Topic5", "Topic5", "Topic5", "Topic5", "Topic5", "Topic5", "Topic5", "Topic5", "Topic5", "Topic6", "Topic6", "Topic6", "Topic6", "Topic6", "Topic6", "Topic6", "Topic6", "Topic6", "Topic6", "Topic6", "Topic6", "Topic7", "Topic7", "Topic7", "Topic7", "Topic7", "Topic7", "Topic7", "Topic7", "Topic7", "Topic7", "Topic7", "Topic7", "Topic8", "Topic8", "Topic8", "Topic8", "Topic8", "Topic8", "Topic8", "Topic8", "Topic8", "Topic8", "Topic8", "Topic8", "Topic9", "Topic9", "Topic9", "Topic9", "Topic9", "Topic9", "Topic9", "Topic9", "Topic9", "Topic9", "Topic9", "Topic9", "Topic10", "Topic10", "Topic10", "Topic10", "Topic10", "Topic10", "Topic10", "Topic10", "Topic10", "Topic10", "Topic10", "Topic10", "Topic11", "Topic11", "Topic11", "Topic11", "Topic11", "Topic11", "Topic11", "Topic11", "Topic11", "Topic11", "Topic11", "Topic11", "Topic12", "Topic12", "Topic12", "Topic12", "Topic12", "Topic12", "Topic12", "Topic12", "Topic12", "Topic12", "Topic12", "Topic12"], "Freq": [44.0, 68.0, 33.0, 46.0, 42.0, 23.0, 33.0, 62.0, 59.0, 95.0, 43.0, 29.0, 51.58646774291992, 15.699553489685059, 14.166413307189941, 22.133647918701172, 29.817611694335938, 12.04439926147461, 4.6815290451049805, 9.496251106262207, 4.17990255355835, 2.732008695602417, 0.08826813846826553, 0.08683847635984421, 47.058555603027344, 14.088953018188477, 7.667373180389404, 9.617220878601074, 7.4939374923706055, 5.642653465270996, 6.214284420013428, 2.7449967861175537, 1.733756184577942, 0.079218290746212, 0.07921787351369858, 0.0792182981967926, 23.787809371948242, 12.32063102722168, 12.087276458740234, 9.0349702835083, 1.2871160507202148, 1.2326297760009766, 2.45693039894104, 1.5170073509216309, 0.19244372844696045, 0.12721681594848633, 0.10540370643138885, 0.08270273357629776, 34.75959777832031, 10.670119285583496, 6.7456955909729, 1.9376108646392822, 1.7431259155273438, 0.9805654883384705, 0.08180557936429977, 0.08068177849054337, 0.10712231695652008, 0.08064168691635132, 0.08150601387023926, 0.08225628733634949, 28.78915023803711, 7.327186584472656, 0.08281668275594711, 0.08281740546226501, 0.0828167200088501, 0.0828171819448471, 0.08281770348548889, 0.08281602710485458, 0.08281709253787994, 0.08282120525836945, 0.08281607180833817, 0.0828169584274292, 14.161784172058105, 6.95236873626709, 5.229218006134033, 2.096703290939331, 1.139395833015442, 2.6820743083953857, 1.3008878231048584, 0.08534036576747894, 0.08386964350938797, 0.08450843393802643, 0.08387217670679092, 0.08593524247407913, 18.98088836669922, 3.8741564750671387, 2.036728620529175, 1.4354139566421509, 1.8008228540420532, 1.0132403373718262, 0.3872630000114441, 0.6788952946662903, 0.842756986618042, 0.07961992174386978, 0.08038225769996643, 0.07970422506332397, 12.720420837402344, 2.0471179485321045, 3.0246622562408447, 2.097991704940796, 2.901886463165283, 1.6725068092346191, 3.0841236114501953, 1.6785246133804321, 0.10905633866786957, 0.12283137440681458, 0.08279021084308624, 0.08240678161382675, 13.310547828674316, 3.9333291053771973, 2.090463876724243, 3.0811469554901123, 0.19265875220298767, 0.08029584586620331, 0.08029626309871674, 0.09524021297693253, 0.08313925564289093, 0.08029627799987793, 0.09663577377796173, 0.08029510825872421, 14.18465518951416, 2.3832085132598877, 1.666398286819458, 1.3386121988296509, 1.286504864692688, 0.08876187354326248, 0.10936770588159561, 0.08685331046581268, 0.09602128714323044, 0.09092128276824951, 0.08952855318784714, 0.08697650581598282, 4.2016472816467285, 2.1487152576446533, 2.17193341255188, 2.172011137008667, 1.1191428899765015, 1.116902232170105, 0.08629754930734634, 0.08643533289432526, 0.08643532544374466, 0.08643531054258347, 0.0865258052945137, 0.08591756224632263, 0.1833038479089737, 0.1833038330078125, 0.1833038330078125, 0.1833038330078125, 0.1833038330078125, 0.1833038330078125, 0.1833038628101349, 0.1833038330078125, 0.1833038628101349, 0.1833038479089737, 0.1833038479089737, 0.1833038628101349], "Term": ["think", "player", "people", "competitive", "fortnite", "know", "building", "would", "like", "game", "play", "make", "would", "make", "fortnite", "player", "game", "play", "know", "like", "competitive", "building", "people", "think", "game", "competitive", "make", "fortnite", "think", "people", "like", "would", "play", "know", "building", "player", "building", "people", "like", "game", "know", "make", "player", "would", "competitive", "play", "think", "fortnite", "player", "play", "like", "competitive", "think", "people", "know", "make", "fortnite", "building", "would", "game", "think", "like", "know", "make", "building", "people", "fortnite", "play", "competitive", "would", "player", "game", "fortnite", "play", "competitive", "building", "know", "player", "game", "make", "people", "think", "like", "would", "competitive", "play", "fortnite", "think", "would", "like", "know", "player", "game", "make", "building", "people", "like", "know", "play", "building", "player", "fortnite", "game", "would", "make", "people", "think", "competitive", "know", "make", "like", "game", "think", "building", "people", "fortnite", "play", "competitive", "player", "would", "people", "play", "like", "would", "game", "know", "make", "building", "think", "fortnite", "competitive", "player", "think", "building", "play", "player", "competitive", "would", "know", "make", "people", "fortnite", "like", "game", "know", "make", "building", "people", "fortnite", "play", "think", "competitive", "like", "would", "player", "game"],