{"mdsDat": {"x": [-0.18445487320082335, -0.1196333547429589, -0.05864084371131398, -0.2472171963253537, 0.29528041152486095, -0.18447875063913796, 0.322624456177313, 0.11704846963196189, 0.07815710820722829, 0.011200716033510217, -0.019092367461976838, -0.010793775493309381], "y": [-0.10024663002428844, 0.1179734932317725, 0.11195731649743443, -0.21981590989721084, -0.07046726340713819, -0.16165884683878876, -0.19985933856002436, -0.01954475980320278, 0.10393979407663088, 0.19434222629900022, 0.2501217876929847, -0.006741869267169162], "topics": [1, 2, 3, 4, 5, 6, 7, 8, 9, 10, 11, 12], "cluster": [1, 1, 1, 1, 1, 1, 1, 1, 1, 1, 1, 1], "Freq": [33.05941390991211, 15.274580001831055, 10.132869720458984, 8.610257148742676, 6.598593235015869, 5.1189284324646, 4.690320014953613, 4.508532524108887, 4.30913782119751, 3.863049268722534, 3.455259323120117, 0.3790701627731323]}, "tinfo": {"Category": ["Default", "Default", "Default", "Default", "Default", "Default", "Default", "Default", "Default", "Default", "Default", "Default", "Topic1", "Topic1", "Topic1", "Topic1", "Topic1", "Topic1", "Topic1", "Topic1", "Topic1", "Topic1", "Topic1", "Topic1", "Topic2", "Topic2", "Topic2", "Topic2", "Topic2", "Topic2", "Topic2", "Topic2", "Topic2", "Topic2", "Topic2", "Topic2", "Topic3", "Topic3", "Topic3", "Topic3", "Topic3", "Topic3", "Topic3", "Topic3", "Topic3", "Topic3", "Topic3", "Topic3", "Topic4", "Topic4", "Topic4", "Topic4", "Topic4", "Topic4", "Topic4", "Topic4", "Topic4", "Topic4", "Topic4", "Topic4", "Topic5", "Topic5", "Topic5", "Topic5", "Topic5", "Topic5", "Topic5", "Topic5", "Topic5", "Topic5", "Topic5", "Topic5", "Topic6", "Topic6", "Topic6", "Topic6", "Topic6", "Topic6", "Topic6", "Topic6", "Topic6", "Topic6", "Topic6", "Topic6", "Topic7", "Topic7", "Topic7", "Topic7", "Topic7", "Topic7", "Topic7", "Topic7", "Topic7", "Topic7", "Topic7", "Topic7", "Topic8", "Topic8", "Topic8", "Topic8", "Topic8", "Topic8", "Topic8", "Topic8", "Topic8", "Topic8", "Topic8", "Topic8", "Topic9", "Topic9", "Topic9", "Topic9", "Topic9", "Topic9", "Topic9", "Topic9", "Topic9", "Topic9", "Topic9", "Topic9", "Topic10", "Topic10", "Topic10", "Topic10", "Topic10", "Topic10", "Topic10", "Topic10", "Topic10", "Topic10", "Topic10", "Topic10", "Topic11", "Topic11", "Topic11", "Topic11", "Topic11", "Topic11", "Topic11", "Topic11", "Topic11", "Topic11", "Topic11", "Topic11", "Topic12", "Topic12", "Topic12", "Topic12", "Topic12", "Topic12", "Topic12", "Topic12", "Topic12", "Topic12", "Topic12", "Topic12"], "Freq": [155.0, 50.0, 51.0, 117.0, 38.0, 27.0, 64.0, 47.0, 29.0, 31.0, 27.0, 30.0, 129.07260131835938, 19.01117515563965, 42.84061050415039, 8.2827787399292, 8.467546463012695, 3.1581084728240967, 3.191480875015259, 2.2907376289367676, 2.149925708770752, 1.446367621421814, 1.1546810865402222, 1.0932334661483765, 25.746002197265625, 34.58293533325195, 8.646424293518066, 6.472074508666992, 19.493732452392578, 4.360142230987549, 2.9448511600494385, 0.0797993540763855, 0.0797986090183258, 0.07979947328567505, 0.07979849725961685, 0.07979810982942581, 36.205474853515625, 9.552999496459961, 7.636892318725586, 3.907372236251831, 2.1518747806549072, 3.0263750553131104, 3.4085254669189453, 1.0267771482467651, 0.8819912672042847, 0.12176758050918579, 0.08173850923776627, 0.09108894318342209, 14.784889221191406, 12.907286643981934, 22.743236541748047, 4.988985061645508, 1.5296576023101807, 0.1463383436203003, 0.09449802339076996, 0.09811513870954514, 0.09218267351388931, 0.277334064245224, 0.1062227264046669, 0.09217779338359833, 17.649887084960938, 17.335153579711914, 2.158723831176758, 6.02072286605835, 0.5759211182594299, 0.10453393310308456, 0.0789983794093132, 0.07899758219718933, 0.09741535037755966, 0.07986298948526382, 0.08118347078561783, 0.0811421275138855, 21.950328826904297, 1.7723023891448975, 1.6396634578704834, 5.479700565338135, 2.9919023513793945, 0.08201123028993607, 0.0803639367222786, 0.0803636834025383, 0.08085045218467712, 0.08036494255065918, 0.08098041266202927, 0.08036451041698456, 26.80508804321289, 2.550323247909546, 1.3669867515563965, 0.08763258904218674, 0.08834076672792435, 0.08898739516735077, 0.08898454904556274, 0.08877522498369217, 0.08892147243022919, 0.08876968920230865, 0.08851030468940735, 0.08763182163238525, 13.160741806030273, 7.07373571395874, 4.294600963592529, 2.6020452976226807, 1.3229361772537231, 0.6150723695755005, 0.8048052191734314, 0.08590852469205856, 0.08290459215641022, 0.08443180471658707, 0.08693733811378479, 0.0832180455327034, 11.237629890441895, 11.691192626953125, 1.131234884262085, 1.0693552494049072, 0.926125705242157, 1.0753955841064453, 0.9880359768867493, 0.2871563136577606, 0.15838977694511414, 0.12390003353357315, 0.1624506711959839, 0.10653675347566605, 16.508764266967773, 4.5396037101745605, 2.3375966548919678, 1.6972028017044067, 0.2805669903755188, 0.08513785153627396, 0.0851360559463501, 0.0851365402340889, 0.08513730019330978, 0.08513602614402771, 0.08513712137937546, 0.08513537794351578, 12.800461769104004, 3.8330042362213135, 1.277592658996582, 3.7979307174682617, 0.9786103963851929, 0.07993815839290619, 0.07664909958839417, 0.0740528330206871, 0.07475405931472778, 0.0740528404712677, 0.0782407745718956, 0.07405274361371994, 0.2047939896583557, 0.20894818007946014, 0.20847187936306, 0.20803149044513702, 0.20602816343307495, 0.2072623372077942, 0.20726235210895538, 0.21472643315792084, 0.20602816343307495, 0.20849651098251343, 0.20788714289665222, 0.2594146132469177], "Term": ["player", "pump", "play", "game", "epic", "much", "like", "would", "think", "good", "people", "feel", "player", "would", "game", "play", "like", "much", "feel", "think", "epic", "good", "people", "pump", "feel", "like", "people", "much", "game", "good", "would", "think", "epic", "pump", "play", "player", "game", "epic", "would", "much", "people", "play", "like", "think", "pump", "feel", "good", "player", "play", "like", "player", "epic", "people", "good", "much", "feel", "think", "game", "would", "pump", "think", "pump", "epic", "game", "good", "people", "much", "feel", "play", "would", "like", "player", "play", "people", "good", "game", "player", "much", "think", "feel", "epic", "would", "pump", "like", "pump", "would", "play", "people", "much", "think", "feel", "good", "epic", "like", "game", "player", "good", "think", "like", "pump", "play", "feel", "game", "people", "much", "epic", "would", "player", "people", "would", "think", "good", "much", "epic", "pump", "feel", "play", "like", "player", "game", "epic", "good", "would", "game", "feel", "people", "much", "think", "pump", "play", "like", "player", "much", "good", "epic", "game", "would", "people", "feel", "think", "pump", "play", "like", "player", "people", "much", "think", "good", "feel", "epic", "would", "pump", "play", "like", "game", "player"],